Campaign,Ad Group,Keyword,Criterion Type,Status,Final URL,Ad type,Headline 1,Headline 2,Headline 3,Headline 4,Headline 5,Headline 6,Headline 7,Headline 8,Headline 9,Headline 10,Description 1,Description 2,Description 3,Description 4,Path 1,Path 2
Lissom søk,Dreiekurs,,,Enabled,,,,,,,,,,,,,,,,,,
Lissom søk,Dreiekurs,dreiekurs,Phrase,Enabled,,,,,,,,,,,,,,,,,,
Lissom søk,Dreiekurs,dreiekurs tønsberg,Phrase,Enabled,,,,,,,,,,,,,,,,,,
Lissom søk,Dreiekurs,dreiekurs vestfold,Phrase,Enabled,,,,,,,,,,,,,,,,,,
Lissom søk,Dreiekurs,dreiekurs keramikk,Phrase,Enabled,,,,,,,,,,,,,,,,,,
Lissom søk,Dreiekurs,keramikkurs,Phrase,Enabled,,,,,,,,,,,,,,,,,,
Lissom søk,Dreiekurs,keramikk kurs tønsberg,Phrase,Enabled,,,,,,,,,,,,,,,,,,
Lissom søk,Dreiekurs,keramikk kurs vestfold,Phrase,Enabled,,,,,,,,,,,,,,,,,,
Lissom søk,Dreiekurs,keramikkurs vestfold,Phrase,Enabled,,,,,,,,,,,,,,,,,,
Lissom søk,Dreiekurs,keramikk kurs nybegynner,Phrase,Enabled,,,,,,,,,,,,,,,,,,
Lissom søk,Dreiekurs,pottery class tønsberg,Phrase,Enabled,,,,,,,,,,,,,,,,,,
Lissom søk,Dreiekurs,lære å dreie,Phrase,Enabled,,,,,,,,,,,,,,,,,,
Lissom søk,Dreiekurs,,,Enabled,https://lissom.no/kurs/dreiekurs,Responsive search ad,Dreiekurs i Tønsberg,To kvelder ved dreieskiva,Nybegynnere velkommen,Alt utstyr inkludert,Fra leireklump til ferdig kopp,Book med Vipps i dag,Små grupper – god oppfølging,Keramikkurs på Teie,Lær å dreie hos Lissom,Dreiekurs i Vestfold,"Lær å dreie i rolige omgivelser på Teie ved Tønsberg. Leire, verktøy og brenning er med.",Kveld én: sentrere og dreie. Kveld to: trimme foten og dekorere. Vi glaserer og brenner.,Ingen forkunnskaper. Små grupper med veiledning hele veien. Se datoer og book med Vipps.,Fem minutter fra Tønsberg sentrum med gratis parkering. Nordre Løkkevei 15 på Teie.,dreiekurs,tonsberg
Lissom søk,Plateteknikk og håndbygging,,,Enabled,,,,,,,,,,,,,,,,,,
Lissom søk,Plateteknikk og håndbygging,plateteknikk kurs,Phrase,Enabled,,,,,,,,,,,,,,,,,,
Lissom søk,Plateteknikk og håndbygging,plateteknikk keramikk,Phrase,Enabled,,,,,,,,,,,,,,,,,,
Lissom søk,Plateteknikk og håndbygging,håndbygging keramikk kurs,Phrase,Enabled,,,,,,,,,,,,,,,,,,
Lissom søk,Plateteknikk og håndbygging,håndbygging keramikk,Phrase,Enabled,,,,,,,,,,,,,,,,,,
Lissom søk,Plateteknikk og håndbygging,lage bolle keramikk,Phrase,Enabled,,,,,,,,,,,,,,,,,,
Lissom søk,Plateteknikk og håndbygging,lag din egen kaffekopp,Phrase,Enabled,,,,,,,,,,,,,,,,,,
Lissom søk,Plateteknikk og håndbygging,keramikkurs en kveld,Phrase,Enabled,,,,,,,,,,,,,,,,,,
Lissom søk,Plateteknikk og håndbygging,keramikk workshop tønsberg,Phrase,Enabled,,,,,,,,,,,,,,,,,,
Lissom søk,Plateteknikk og håndbygging,,,Enabled,https://lissom.no/kurs,Responsive search ad,Plateteknikk og håndbygging,Lag din egen bolle på én kveld,Store fat med plateteknikk,Fransk smørklokke for hånd,Ingen forkunnskaper,Alt utstyr inkludert,Keramikkurs på Teie,Book med Vipps i dag,Leire og brenning inkludert,Keramikkurs i Tønsberg,"Kjevle ut leira og form din egen bolle eller et stort fat. Leire, glasur og brenning med.",Én kveld – ferdig ting hjem etter brenning. Små grupper og veiledning hele veien.,Plateteknikk og håndbygging i keramikkverkstedet på Teie ved Tønsberg. Se ledige datoer.,Bygg en fransk smørklokke i to deler på én kveld. Håndbygging for nybegynnere.,kurs,plateteknikk
Lissom søk,Paint on Pots,,,Enabled,,,,,,,,,,,,,,,,,,
Lissom søk,Paint on Pots,paint on pots,Phrase,Enabled,,,,,,,,,,,,,,,,,,
Lissom søk,Paint on Pots,paint on pots tønsberg,Phrase,Enabled,,,,,,,,,,,,,,,,,,
Lissom søk,Paint on Pots,paint on pots vestfold,Phrase,Enabled,,,,,,,,,,,,,,,,,,
Lissom søk,Paint on Pots,male keramikk tønsberg,Phrase,Enabled,,,,,,,,,,,,,,,,,,
Lissom søk,Paint on Pots,male keramikk selv,Phrase,Enabled,,,,,,,,,,,,,,,,,,
Lissom søk,Paint on Pots,male kopp keramikk,Phrase,Enabled,,,,,,,,,,,,,,,,,,
Lissom søk,Paint on Pots,aktivitet for barn tønsberg,Phrase,Enabled,,,,,,,,,,,,,,,,,,
Lissom søk,Paint on Pots,pottery painting tønsberg,Phrase,Enabled,,,,,,,,,,,,,,,,,,
Lissom søk,Paint on Pots,,,Enabled,https://lissom.no/paint-on-pots,Responsive search ad,Paint on Pots i Tønsberg,Mal din egen keramikk,Vi glaserer og brenner,Barn fra 6 år med voksen,Ingen forkunnskaper,Drop-in på Teie,Book plass med Vipps,Klar etter to til fire uker,Paint on Pots hos Lissom,Populært for familier,Velg en ferdigbrent kopp eller skål og mal den slik du vil. Vi glaserer og brenner.,Den enkleste måten å ta med seg noe hjem fra verkstedet. Ingen leire på fingrene.,Drop-in innenfor åpningstidene på Teie ved Tønsberg. Book plass på nettsiden.,Passer for barn fra 6 år sammen med en voksen – og for venninnekvelden og bursdagen.,paint-on-pots,tonsberg
Lissom søk,Medlemskap,,,Enabled,,,,,,,,,,,,,,,,,,
Lissom søk,Medlemskap,keramikkverksted tønsberg,Phrase,Enabled,,,,,,,,,,,,,,,,,,
Lissom søk,Medlemskap,keramikk verksted medlemskap,Phrase,Enabled,,,,,,,,,,,,,,,,,,
Lissom søk,Medlemskap,keramikkverksted vestfold,Phrase,Enabled,,,,,,,,,,,,,,,,,,
Lissom søk,Medlemskap,leie dreieskive,Phrase,Enabled,,,,,,,,,,,,,,,,,,
Lissom søk,Medlemskap,keramikk atelier tønsberg,Phrase,Enabled,,,,,,,,,,,,,,,,,,
Lissom søk,Medlemskap,keramikk fellesverksted,Phrase,Enabled,,,,,,,,,,,,,,,,,,
Lissom søk,Medlemskap,,,Enabled,https://lissom.no/medlemskap,Responsive search ad,Medlemskap i keramikkverksted,Egen hylle og dørkode 24/7,Verkstedet er ditt,Prøv én måned uten binding,Dreieskiver og ovn på Teie,Jobb med egne prosjekter,Keramikkverksted i Tønsberg,Bli medlem hos Lissom,Timer i verkstedet hver måned,Fem minutter fra Tønsberg,Bli medlem i keramikkverkstedet på Teie: egen hylle og personlig dørkode døgnet rundt.,Fire medlemskap – fra prøvemåned uten binding til årsavtale med flest timer. Se prisene.,For deg som har tatt kurs og vil videre – eller som har dreid før og mangler et sted.,"Dreieskiver, verktøy og brenning i ovnen. Et verksted der det alltid er noen å spørre.",medlemskap,tonsberg
Lissom søk,Bedrift og teambuilding,,,Enabled,,,,,,,,,,,,,,,,,,
Lissom søk,Bedrift og teambuilding,teambuilding tønsberg,Phrase,Enabled,,,,,,,,,,,,,,,,,,
Lissom søk,Bedrift og teambuilding,teambuilding vestfold,Phrase,Enabled,,,,,,,,,,,,,,,,,,
Lissom søk,Bedrift og teambuilding,utdrikningslag tønsberg,Phrase,Enabled,,,,,,,,,,,,,,,,,,
Lissom søk,Bedrift og teambuilding,utdrikningslag aktivitet vestfold,Phrase,Enabled,,,,,,,,,,,,,,,,,,
Lissom søk,Bedrift og teambuilding,date night tønsberg,Phrase,Enabled,,,,,,,,,,,,,,,,,,
Lissom søk,Bedrift og teambuilding,bedriftsevent tønsberg,Phrase,Enabled,,,,,,,,,,,,,,,,,,
Lissom søk,Bedrift og teambuilding,firmagave keramikk,Phrase,Enabled,,,,,,,,,,,,,,,,,,
Lissom søk,Bedrift og teambuilding,kopper med logo,Phrase,Enabled,,,,,,,,,,,,,,,,,,
Lissom søk,Bedrift og teambuilding,,,Enabled,https://lissom.no/bedrift,Responsive search ad,Teambuilding med keramikk,Samle gjengen rundt dreieskiva,Utdrikningslag i Tønsberg,Bedriftsevent på Teie,6–16 personer – alt inkludert,Keramikk med bedriftens logo,Vi skreddersyr kvelden,Send en forespørsel i dag,Laget for Grenseløs og Kepler,Kopper med eget motiv,"Private events for 6–16 personer: teambuilding, utdrikningslag, bursdager. Alt inkludert.",Kopper og servise med bedriftens eget motiv. Laget for Grenseløs og Kepler Bilservice.,"To timer ved dreieskiva eller med plateteknikk. Vi dekker langbordet, dere tar med maten.","Send en forespørsel, så svarer vi raskt med pris og dato. Fem minutter fra Tønsberg.",bedrift,teambuilding
