Campaign,Campaign ID,Ad Group,Ad Group ID,Keyword,Criterion Type,Status
Lissom søk,24249319399,Annonsegruppe 1,200171666797,leire keramikk,Broad,Paused
Lissom søk,24249319399,Annonsegruppe 1,200171666797,keramikk leire,Broad,Paused
Lissom søk,24249319399,Annonsegruppe 1,200171666797,leire til keramikk,Broad,Paused
Lissom søk,24249319399,Annonsegruppe 1,200171666797,keramikk leire salg,Broad,Paused
Lissom søk,24249319399,Annonsegruppe 1,200171666797,kjøpe keramikk leire,Broad,Paused
Lissom søk,24249319399,Annonsegruppe 1,200171666797,blåleire keramikk,Broad,Paused
Lissom søk,24249319399,Annonsegruppe 1,200171666797,keramikk leire pris,Broad,Paused
Lissom søk,24249319399,Annonsegruppe 1,200171666797,håndlaget keramikk,Broad,Paused
Lissom søk,24249319399,Annonsegruppe 1,200171666797,keramikk håndlaget,Broad,Paused
